id,created_at,text
1062058460970393601,Mon Nov 12 19:04:03 +0000 2018,"Dios bendiga a quien te haga feliz, eramos magia... La chispa se apag√≥, fuera de aqu√≠, la china se perdi√≥, no famoso Hach√≠s..."
1062050550110404608,Mon Nov 12 18:32:37 +0000 2018,@jonatep9 T√≠o pero si parece como si Ted y Pokemon GO se hubieran fusionado y se hubieran fumado 50 kg de hach√≠s üòÇüòÇüòÇüòÇüòÇ
1062049240598413317,Mon Nov 12 18:27:25 +0000 2018,@2Rodrigoibarra Le echaron Hachis al pan con morta ü§∑üèª‚Äç‚ôÇÔ∏è
1062046445849710599,Mon Nov 12 18:16:19 +0000 2018,"@PedroOtamendi @NoSoyLaGente Creo que las respuestas se las pasa su rat√≥n jarto de de hach√≠s,turr√≥n,y copitas de an√≠s."
1062034025190174725,Mon Nov 12 17:26:57 +0000 2018,@elesaskellngton Marihuana o hachis? pues las dos
1062024685905297408,Mon Nov 12 16:49:51 +0000 2018,carmen de mairena golpear la cabeza una cuchara con hachis iniesta el del barsa ahahahahah
1062014949852102656,Mon Nov 12 16:11:09 +0000 2018,Un enboltorio de aluminio conteniendo en su interior una sustancia de color marr√≥n suceptible de ser hach√≠s ni escribir sab√©is hijos de puta
1062007468174249985,Mon Nov 12 15:41:26 +0000 2018,No me quer√≠an dentro del party pue tamos en el VIP  Agarra las curvas a una mala fumando hachis
1062004698667016193,Mon Nov 12 15:30:25 +0000 2018,P√°same un polvo pa la nariz que ya me est√° afectando tanto hach√≠s
1061996946687176704,Mon Nov 12 14:59:37 +0000 2018,la heroina es lo mismo que el hachis
1061990836374781952,Mon Nov 12 14:35:20 +0000 2018,M√°s crisis dentro de m√≠ que en el pa√≠s Fumando hach√≠s hago catarsissüçÅ
1061928023878963200,Mon Nov 12 10:25:45 +0000 2018,estoy llegando temprano solamente por que braian tiene hachis si no ni cuente conmigo
1061821045282349056,Mon Nov 12 03:20:39 +0000 2018,"üíÄ""Te invitar√≠a a mi inspiraci√≥n pero en la calle hace frio, no es por vos es por hachis que sonri√≥""üíÄ"
1061809706874880000,Mon Nov 12 02:35:36 +0000 2018,@jorg3sr tienes razon falta la marihuana la coca la pasta base el hachis las anfetaminas el crack
1061780443165540353,Mon Nov 12 00:39:19 +0000 2018,Vas de mala por ahi y lo m√°s malo que tienes es el hachis que te fumas
1061769433339908096,Sun Nov 11 23:55:34 +0000 2018,No por vos sino por hach√≠s que sonr√≠o
1061732418426691585,Sun Nov 11 21:28:29 +0000 2018,A LOS TRAFICANTES DEL HACHIS PETROLEAO COMER BUENA POLLA GORDA!!
1061712034918735872,Sun Nov 11 20:07:29 +0000 2018,@Mercutio_M M√≠nimo 5 a√±os.Era el que le pillaba el hach√≠s.
1061711582848270338,Sun Nov 11 20:05:41 +0000 2018,Mediante ese coki con hachis antes de meterme a ba√±arrr
1061676259934113793,Sun Nov 11 17:45:20 +0000 2018,Ayer la guardia civil me quit√≥ el hachis por culpa de Josue
1061671606081253377,Sun Nov 11 17:26:50 +0000 2018,@Albert_Rivera @JuanMarin_Cs @javierimbroda Te va mas catalu√±a por andalucia entra mas hachis y a ti te va la coca no los porros
1061670675419676672,Sun Nov 11 17:23:08 +0000 2018,Toy a jugando a la consola mientras fumo hachis
1061669038617751553,Sun Nov 11 17:16:38 +0000 2018,Nada como el aroma del hach√≠s reci√©n quemado por la ma√±ana.
1061669038617751553,Sun Nov 11 17:16:38 +0000 2018,Nada como el aroma del hach√≠s reci√©n quemado por la ma√±ana.
1061638340028579841,Sun Nov 11 15:14:39 +0000 2018,Buo esque hice hachis con miel y pega muy duro
1061604611826614272,Sun Nov 11 13:00:37 +0000 2018,tengo casi 24 a√±os me voy a buscar un trabajo q el hachis no da pa vivir
1061597338995736576,Sun Nov 11 12:31:43 +0000 2018,Viaje a las zonas clave del tr√°fico de hach√≠s en Marruecos
1061591063159341056,Sun Nov 11 12:06:47 +0000 2018,@Bernat_Castro Delirios del fumeta... Hay gente que no tolera bien el hach√≠s.
1061587914268794880,Sun Nov 11 11:54:16 +0000 2018,"So√±ar Par√≠s, robarte un beso. El vis a vis con el hach√≠s y todo eso"
1061568578032463872,Sun Nov 11 10:37:26 +0000 2018,Q yo x ti hasta dejo de vender hachis
1061535176390520832,Sun Nov 11 08:24:43 +0000 2018,"@Elyeryi @manolovilima @GrilleraLa Co√±o, si hubiera morao no veas lo que nos habr√≠amos ahorrao en hach√≠s."
1061477730146025472,Sun Nov 11 04:36:26 +0000 2018,"Que ir√° a preparar el en de Nelson ,unos porros con polvo y unas hojitas de hach√≠s envueltos en THC#LaDivinaComida"
1061465887100809216,Sun Nov 11 03:49:23 +0000 2018,toy jugando a la consola mientras fumo hach√≠s
1061451212980187136,Sun Nov 11 02:51:04 +0000 2018,boicot alberto 0 hachis solo polen o hierba del 420
1061450707558195200,Sun Nov 11 02:49:04 +0000 2018,Quiero hach√≠s po uwu
1061434533055262720,Sun Nov 11 01:44:47 +0000 2018,No te hagas la loca sabemos que vas con el porque tiene hierba hachis y coca
1061369367626219521,Sat Nov 10 21:25:51 +0000 2018,yo s√© que si alg√∫n d√≠a saco un disco se va a llamar Velas y Hach√≠s
1061354993356337159,Sat Nov 10 20:28:44 +0000 2018,"Era un poeta que enmarcaba mariposas, amante de hach√≠s y de las curvas peligrosas.  @SharifFernandez te espero en Lima Capo üôèüèΩ"
1061347864549441536,Sat Nov 10 20:00:24 +0000 2018,Las ganas de fumarme un porro doble seda lleno de hachis üò•üò•üò•üò•üò• ptm
1061334598209159168,Sat Nov 10 19:07:41 +0000 2018,Tengo marihuana que parece hach√≠s
1061315985234411521,Sat Nov 10 17:53:43 +0000 2018,No por vos sino por hachis que sonrio
1061300354917298178,Sat Nov 10 16:51:37 +0000 2018,@dametupin8 Y el hach√≠s.
1061296567058161665,Sat Nov 10 16:36:34 +0000 2018,@BathoryRequiem Eres m√°s adictiva que el mejor hach√≠s.
1061290558499577859,Sat Nov 10 16:12:41 +0000 2018,Como un resac√≥n de mo√´t chandon curao con larios o un pedrusco blanco dior al hachis del barriooo
1061290234720256001,Sat Nov 10 16:11:24 +0000 2018,"Toi jugando a la consola mientras fumo hachis, mami no te vengas sola tr√°ete un par de hachis"
1061181559879987200,Sat Nov 10 08:59:34 +0000 2018,"¬°Ah!, vuelvo al lugar donde la vida es gris  a mi propio pa√≠s, de humo blanco y de hach√≠s."
1061123108965441536,Sat Nov 10 05:07:18 +0000 2018,"En fin, en momentos de crisis a pocos d√≠as de la quincena, limpias la pipa y te pegas con hach√≠s."
1061076323282640896,Sat Nov 10 02:01:23 +0000 2018,Que te entra adici√≥n venus que no es un porro que no es una seta que no es hachis es heroina
1061051898671890434,Sat Nov 10 00:24:20 +0000 2018,"Saco un papelillo, me preparo un cigarrillo y una china pal canuto de hachis"
1061051329152516096,Sat Nov 10 00:22:04 +0000 2018,"@LEXICOTROPICO Ac√° le dicen as√≠ al hach√≠s, pero eso ese dealer es de Caracas jajaja."
1061038203338133504,Fri Nov 09 23:29:55 +0000 2018,"toy jugando a la consola, mientras fumo hachis"
1061022793670803456,Fri Nov 09 22:28:41 +0000 2018,@leoreogolden Yo a tu edad ya hab√≠a montado un imperio de tr√°fico de Hach√≠s en las bastas y fr√≠as costas de Vigo.
1061006265739079680,Fri Nov 09 21:23:00 +0000 2018,@dauofmisery @nonsense_af Con hach√≠s
1060981829799473152,Fri Nov 09 19:45:54 +0000 2018,don't worry be hach√≠s
1060940919216726016,Fri Nov 09 17:03:21 +0000 2018,"@animalesoficial @AsisOberdan @AmericaTV Si.hach√≠s,.vuelve Cristina"
1060925284067635200,Fri Nov 09 16:01:13 +0000 2018,"Hemos quedado en el barrio, unos litros y 100 duros de hach√≠s"
1060916612621107200,Fri Nov 09 15:26:45 +0000 2018,Hach√≠s.... ü§ß salud
1060916612621107200,Fri Nov 09 15:26:45 +0000 2018,Hach√≠s.... ü§ß salud
1060907384804204544,Fri Nov 09 14:50:05 +0000 2018,Tiene a los paparazzis haciendo backflips Se acab√≥ vender el hach√≠s
1060903033897447424,Fri Nov 09 14:32:48 +0000 2018,@andrsLpez16 @Srcheeto yo no fumo hachis xq me la paso estornudando
1060895329346838528,Fri Nov 09 14:02:11 +0000 2018,"Un hombre fue detenido en Vigo en plena calle con 17 bellotas de hach√≠s, dos b√°sculas de precisi√≥n, cinco cuchillos y dos navajas"
1060888877668409344,Fri Nov 09 13:36:33 +0000 2018,@mangeltits @Srcheeto Es hachis q le vas a hacer fumartelo a pelo? Nonono
1060869438981980160,Fri Nov 09 12:19:18 +0000 2018,Mis buenos colegas y mi buen hachis
1060846226554413056,Fri Nov 09 10:47:04 +0000 2018,"Hach√≠s, hach√≠s, hach√≠s"
1060792214048161792,Fri Nov 09 07:12:27 +0000 2018,Hach√≠s
1060766434140319744,Fri Nov 09 05:30:00 +0000 2018,me fumo tus lunares como manchas de hach√≠s demonios me estoy volviendo adicto a ti.
1060755917304676353,Fri Nov 09 04:48:13 +0000 2018,Me fumo tus lunares como manchas de hach√≠s demonios me estoy volviendo adicto a ti
1060741790527979520,Fri Nov 09 03:52:05 +0000 2018,@___porro Hachis
1060667030645411840,Thu Nov 08 22:55:01 +0000 2018,@unchinodechina @elnacionalcat_e @Armunho @En_Blau_es Despues de defender la legalizaci√≥n del hachis
1060650630199607299,Thu Nov 08 21:49:50 +0000 2018,@goslum ¬øest√° harto de hach√≠s?...¬øo es que me lo parece a m√≠....??? üôÑ
1060630465458200576,Thu Nov 08 20:29:43 +0000 2018,"@Albert_Rivera @jordi_canyas Albert, deja la coca, mejor el hach√≠s, que relaja, psic√≥pata!"
1060620036438704131,Thu Nov 08 19:48:16 +0000 2018,"@DarkyBSM @Avinit_jazznaz @kira_95 Crack, caballo, heroina, metanfetamina, cocaina, speed, polen, hachis, maria, H"
1060610943510609923,Thu Nov 08 19:12:08 +0000 2018,@Thomson_FRA Hachis parmentier üòã
1060609456839553024,Thu Nov 08 19:06:14 +0000 2018,"@miss_tinder De maria o de hachis, perd√≥n por el estornudo."
1060593116783104000,Thu Nov 08 18:01:18 +0000 2018,@UnTalIntenso Peligro y eso era H√°chis.
1060584231217364994,Thu Nov 08 17:26:00 +0000 2018,cort√© cntigo como corto el hach√≠s cn el cuter
1060583901700259841,Thu Nov 08 17:24:41 +0000 2018,@Thomson_FRA un hachis parmentier
1060583612335185920,Thu Nov 08 17:23:32 +0000 2018,me fumo tus lunares como manchas de hach√≠s demonios me estoy volviendo adicto a ti
1060577518594469890,Thu Nov 08 16:59:19 +0000 2018,"mami no te vengas sola, tr√°ete un par de hach√≠s mezclate el ron y la cola, vamonos de par√≠"
1060549379998867456,Thu Nov 08 15:07:30 +0000 2018,Fumando hach√≠s  Hago catarsis.
1060537946313576448,Thu Nov 08 14:22:04 +0000 2018,Me re comer√≠a un kebab en el macba fumando alta flor con hachis una birra
1060535506486939649,Thu Nov 08 14:12:23 +0000 2018,@NovatoEnTwitte1 @mirameycomeme2 @YoMujer40 Este Siii. Que nos cuide la Mar√≠a y ya de paso si se aburre que nos saque hach√≠s.
1060502249342943233,Thu Nov 08 12:00:14 +0000 2018,@Thomson_FRA Un hachis parmentier üòçüòçüòç
1060489711310069760,Thu Nov 08 11:10:24 +0000 2018,@Thomson_FRA Hachis Parmentier üòä
1060471165981020160,Thu Nov 08 09:56:43 +0000 2018,Me habl√≥ Martin y me dijo no te duermas toda la tarde que te paso a buscar para fumar uno con hach√≠s a las 3 üíïüíï te quiero gatooooooooo
1060463751785316358,Thu Nov 08 09:27:15 +0000 2018,Auxilio Me desmayo El hachis llevaba caballo
1060445500783116289,Thu Nov 08 08:14:44 +0000 2018,"Afuera hace fr√≠o, y yo sonrio no por vos si no por el hach√≠s"
1060435645045395457,Thu Nov 08 07:35:34 +0000 2018,"Yo era un poeta que enmarcaba mariposas, amante del hach√≠s y de las curvas peligrosas."
1060429118750314496,Thu Nov 08 07:09:38 +0000 2018,Yo sigo sin entender por qu√© estas ni√±as fuman hach√≠s   Si se van a drogar por lo menos que lo hagan con algo mejor no s√©
1060402403202228224,Thu Nov 08 05:23:28 +0000 2018,"Ya lo hice con marihuana, hachis, cerveza y hoy toca calimocho. Tremenda siesta me voy a echar en el avi√≥n."
1060387185101361152,Thu Nov 08 04:23:00 +0000 2018,"@Mateoandres_ Paco es pa los pobres, vos tenes que fumar hachis, o marihuana"
1060360703842734080,Thu Nov 08 02:37:47 +0000 2018,"Vamos a cenar en Par√≠s, desayunar en Venecia, fumar hach√≠s como si fueras chimenea."
1060348665963851776,Thu Nov 08 01:49:56 +0000 2018,carmen de mairena golpear la cabeza una cuchara con hachis iniesta el del barsa ahahahahah
1060348551526518784,Thu Nov 08 01:49:29 +0000 2018,"@Gusyplatense3 me comentan que vos pensas que el hachis es de derecha, y la marihuana es de izquierda. Es cierto?"
1060323210489683969,Thu Nov 08 00:08:47 +0000 2018,Hora y media de persecuci√≥n por tres provincias con 600 kilos de hach√≠s a cuestas
1060316680071581697,Wed Nov 07 23:42:50 +0000 2018,"| me he quedado empanada viendo a una t√≠a comer hach√≠s, perd√≥n"
1060295625638580224,Wed Nov 07 22:19:11 +0000 2018,"Mi reino por un vis a vis con sexo, tabaco, hach√≠s y tus bragas de encaje el suelo..."
1060278056798113792,Wed Nov 07 21:09:22 +0000 2018,Quer√≠a coger un trozo de Avecrem para echarlo a la sopa y lo he partido como si fuera hach√≠s LEGALEGALIZACI√ìN
1060274502930759682,Wed Nov 07 20:55:15 +0000 2018,@Valrp7 Le hachis Parmentier üòç
1060272893609828352,Wed Nov 07 20:48:51 +0000 2018,"@aramanoth Algunas lo son. Marihuana, hachis... lo son. Otras, como las pastillas, son inorg√°nicas."
1060268871020675078,Wed Nov 07 20:32:52 +0000 2018,"Intervienen 23 tabletas y 50 bellotas de hach√≠s en un autob√∫s que viajaba desde Barcelona a Gij√≥n. Detenido uno de los viajeros, de 31 a√±os"
1060268706197110784,Wed Nov 07 20:32:13 +0000 2018,"K pensar√° un polic√≠a de ti? K eres un delincuente o k va fumar hach√≠s de gratissss, k siiiii"
1060265080733007875,Wed Nov 07 20:17:48 +0000 2018,@notgamba Son 5 kilos de hach√≠s
1060264658563727363,Wed Nov 07 20:16:08 +0000 2018,ayer fume tanto hachis q termine con la mente en estado laguna
1060260605905592321,Wed Nov 07 20:00:01 +0000 2018,Que las manchas de hach√≠s se quiten con alcohol de 96 me perturba
1060259677991251977,Wed Nov 07 19:56:20 +0000 2018,@ImAgus51 @YouTube Comprate una tableta de hachis
1060258950564716544,Wed Nov 07 19:53:27 +0000 2018,"@HuhConH Piedras de hach√≠s... Pobreticas, las queman vivas..."
1060255253143142401,Wed Nov 07 19:38:45 +0000 2018,"Mi vida como las teor√≠a de Nietzsche, explicadas por Foucault, en una fiesta de hach√≠s, inexplicable , completamente inexplicable !!!"
1060250422563102722,Wed Nov 07 19:19:33 +0000 2018,@Dogeyah psdv we so√±e que estaba en una mansi√≥n y entre a un cuarto donde te tope y me hiciste valer con una bola de hachis
1060225284639735809,Wed Nov 07 17:39:40 +0000 2018,"@superfrakaso De las peque√±itas, tipo gr√°nulo de oveja lucera. O un taleguito hach√≠s mal pasado."
1060224173577003008,Wed Nov 07 17:35:15 +0000 2018,@marian_gamez96 Ya nos vi fumando Wax y hach√≠s alv compa ü§ôüèº
1060223275094163458,Wed Nov 07 17:31:41 +0000 2018,@elenay29 @jj_conor √âSTOS SON M√ÅS DE HACH√çS....
1060192993397915649,Wed Nov 07 15:31:21 +0000 2018,@Ivanreynosoo Se viene el hachis futbol club a toda marcha
1060096706933653504,Wed Nov 07 09:08:45 +0000 2018,9 de la ma√±ana y un se√±or me ha ofrecido hach√≠s en la calle. Okei.
1060037002559737856,Wed Nov 07 05:11:30 +0000 2018,@eldelosanillos Nelson mejor Hach√≠s
1060034458487791616,Wed Nov 07 05:01:24 +0000 2018,toy jugando a la consola mientra fumo hachis
1060031995982553088,Wed Nov 07 04:51:36 +0000 2018,@patriciasandogt @AlexanderOrti16 Entonces ya no ser√° coca sino hach√≠s...
1060022240719372291,Wed Nov 07 04:12:51 +0000 2018,Si no se da lo de rapear voy a vender hach√≠s.
1060003878102597632,Wed Nov 07 02:59:53 +0000 2018,hach√≠s y penas k no t kontaria
1059989980955709440,Wed Nov 07 02:04:39 +0000 2018,@srita_weed No le gusta el hachis oiga?? Esta m√°s potente
1059955900310532098,Tue Nov 06 23:49:14 +0000 2018,Luis fum√≥ hachis y est√° muy de la mente dej√°ndome pegada con cada persona que nos cruzamos ..
1059950453323153410,Tue Nov 06 23:27:35 +0000 2018,"Me fume todo Ayer para hoy dejar, me olvide del hachis ü§∑üèΩ‚Äç‚ôÄÔ∏è"
1059941623608590337,Tue Nov 06 22:52:30 +0000 2018,@Javiermarzo64 Ese d√≠a fumamos hachis de un vagabundo empedernido
1059936777702645761,Tue Nov 06 22:33:15 +0000 2018,Sustancia con mayor porcentaje de THC  a. Hach√≠s b. Aceite de hach√≠s c. Marihuana
1059921831073902592,Tue Nov 06 21:33:51 +0000 2018,"Yo a mi madre: s√≠, es como el hach√≠s Mi madre: salud  Lo cuento por si se preguntan a quien sal√≠"
1059881484868292610,Tue Nov 06 18:53:32 +0000 2018,"-Si consumen hach√≠s nos votar√°n a nosotros, ¬øno te das cuenta? -Si consumen hach√≠s no ir√°n ni a votar, mendrugo."
1059870434399846410,Tue Nov 06 18:09:37 +0000 2018,"@DimeAlets Normal el ""chocolate"" o hachis es una droga bastante adictiva."
1059827565479768064,Tue Nov 06 15:19:16 +0000 2018,@rxydxlhxchxxx @LizMaBaez De que ba√±o no quieres hablar rey hach√≠s?
1059822091040686081,Tue Nov 06 14:57:31 +0000 2018,@Evitacaracola Este es hachis der gueno y no el que traen los moritos en las nalgas...üòÇ üòÇ üòÇ üòÇ üòÇ
1059819352814428162,Tue Nov 06 14:46:38 +0000 2018,@LVPibai Jugar al parch√≠s o fumar hach√≠s
1059788928356679680,Tue Nov 06 12:45:45 +0000 2018,@lasegonahora He votado la √∫ltima opci√≥n porque yo siempre he dicho hach√≠s. #FOTORAC1
1059759525450911745,Tue Nov 06 10:48:54 +0000 2018,@GonzaloOria Al menos no regalan hach√≠s como suplemento
1059753838247403520,Tue Nov 06 10:26:18 +0000 2018,"Y el hach√≠s, peor! Que cosa m√°s fea. Unas ganas de vomitar."
1059729661561917440,Tue Nov 06 08:50:14 +0000 2018,"@javiRoM39333666 Ese imposible, era hachis, jajajaja"
1059704957186777088,Tue Nov 06 07:12:04 +0000 2018,C√≥mo le dan al hach√≠s estas ni√±as
1059636583765364737,Tue Nov 06 02:40:23 +0000 2018,@rabodeajip @ElJodario Confundieron a Asha con hach√≠s. Perra narc√≥tico y tombos est√∫pidofacientes.
1059632021721493506,Tue Nov 06 02:22:15 +0000 2018,me enamoran sus ojos porque son color hach√≠s
1059627777354334208,Tue Nov 06 02:05:23 +0000 2018,@mansan09 @los_replicantes a partir de ahora los que pillen con hach√≠s que los absuelvan y listo. menuda justicia que tenemos
1059591969964507136,Mon Nov 05 23:43:06 +0000 2018,@NobitaTeSeduce Saco un papelillo me preparo un cigarrillo y una china pa un canuto de Hachis (hachis!)
1059581385839648768,Mon Nov 05 23:01:03 +0000 2018,"Hach√≠s, multipl√≠cate."
1059560063315132416,Mon Nov 05 21:36:19 +0000 2018,Hachis y pena k no t contaria
1059536373026381824,Mon Nov 05 20:02:11 +0000 2018,@fiscovatz @inmaCH1 @uqueee7 @NoeliaG1014 @EvaPg1_ A m√≠ que dijo que Darek le pas√≥ a Toni un algo de hach√≠s
1059505893656670209,Mon Nov 05 18:01:04 +0000 2018,No hay hach√≠s que coloque este desorden.. üí®
1059494295793795076,Mon Nov 05 17:14:59 +0000 2018,@eldiarioes Este t√≠o tiene demasiado cerca el hach√≠s.
1059468753438674944,Mon Nov 05 15:33:29 +0000 2018,O me pago los estudios vendiendo hach√≠s o me dej√≥ la barba crecer y me voy al Mercadona del pueblo a pedir monedas en la puerta
1059467177928126469,Mon Nov 05 15:27:13 +0000 2018,"como quieres que no me consuma, todo el d√≠a fumando hachis, si no me meto, na'a na, casi nada en la nariz..."
1059460956768690176,Mon Nov 05 15:02:30 +0000 2018,Mood: fum√°ndome el hachis de la pipa. ü§∑üèΩ‚Äç‚ôÇÔ∏è
1059450608913186816,Mon Nov 05 14:21:23 +0000 2018,√öLTIMA HORA: Seg√∫n                      fuentes normalmente bien informadas lo q le tiraron a Albert Rivera fueron piedras d hach√≠s.
1059410160823742464,Mon Nov 05 11:40:39 +0000 2018,Unos litros y cien duros de hachis.
1059404782362943488,Mon Nov 05 11:19:17 +0000 2018,"@Zolinlarra @publico_es Tranquilo los manteros, los vendores de hachis, .... creo que no esponsorizan programas televisivos."
1059382690359730176,Mon Nov 05 09:51:30 +0000 2018,"@protestona1 Que le tiren una piedra,aunque sea de hach√≠s..."
1059341745660592128,Mon Nov 05 07:08:48 +0000 2018,@GranWyomingTV ¬øPiedras de hach√≠s?
1059337608621408256,Mon Nov 05 06:52:22 +0000 2018,Ese porro d hachis me dejo K.O
1059289669509267461,Mon Nov 05 03:41:52 +0000 2018,es imposible conservar el hach√≠s en el moledor
1059284764543410177,Mon Nov 05 03:22:23 +0000 2018,- Hach√≠s.  - Salud.
1059277525824798720,Mon Nov 05 02:53:37 +0000 2018,"@juramaga B√°jele al hach√≠s, hermano."
1059250140958113792,Mon Nov 05 01:04:48 +0000 2018,@pachy_acosta el hachis pega fuerte -
1059235762703687680,Mon Nov 05 00:07:40 +0000 2018,"Droga free, marroqu√≠, por detr√°s, puro gang, m√°s hach√≠s"
1059217475349422081,Sun Nov 04 22:55:00 +0000 2018,Que bien que va el Hachis con la Birra raggatzzo
1059208801293869063,Sun Nov 04 22:20:32 +0000 2018,@MGutierrezCs Mecheros volando? Las piedras de hachis fijo
1059199199370207232,Sun Nov 04 21:42:22 +0000 2018,Qu√© ganas de un blunt con un poco de hach√≠s y par de botellas de vino. Y todo esto con la compa√±√≠a de @LauGlamm
1059198244343943168,Sun Nov 04 21:38:35 +0000 2018,llamame tengo en casa guardadas tus ganas de vivir.. al lado de los sue√±os y la bola de hachis.. de tu tanga y de las cosas que te prometi..
1059196651200491522,Sun Nov 04 21:32:15 +0000 2018,@Cazatalentos @eldiarioes 58 meses mas que el GC con los 800 kgs de hach√≠s
1059195854047862784,Sun Nov 04 21:29:05 +0000 2018,@MiriamMuroM @VMatterfilm Eran de hach√≠s mujer!!!
1059191983346991112,Sun Nov 04 21:13:42 +0000 2018,@berlich @quiz_viajero En Chauen se consigue el mejor hach√≠s de Europa. Muchos espa√±oles van con ese objetivo: hach√≠s puro de flores.
1059189976792027138,Sun Nov 04 21:05:43 +0000 2018,"Fumando hach√≠s y ni s√© pq, me da una paranoia q no es normal y me jode la mente"
1059188594575900672,Sun Nov 04 21:00:14 +0000 2018,@rosamariaartal @eldiarioes mientras liberan ex guardia civil por tener 800 kilos de hachis y marihuana
1059186532966383616,Sun Nov 04 20:52:02 +0000 2018,hach√≠s  -salud
1059169765275717632,Sun Nov 04 19:45:25 +0000 2018,"@radiopolla @mossos @f2008friends Es hach√≠s no coca, la que lo va echar de menos es la Gabriel üòú"
1059166743275429889,Sun Nov 04 19:33:24 +0000 2018,@JAN1480 @montesinospablo De hach√≠s? Pero madre m√≠a qu√© tonter√≠as lee uno.
1059151859473154049,Sun Nov 04 18:34:16 +0000 2018,@protestona1 La piedra deb√≠a ser de hach√≠s y de la ha fumado la amiga antes de escribir el tuitü§¶‚Äç‚ôÄÔ∏è
1059147554695364609,Sun Nov 04 18:17:09 +0000 2018,"@CervantesFAQs @desferr Las piedras de hach√≠s que se ha fumado la pseudoperiodista esta, para poder colgar el v√≠deo. #NoPasaran"
1059144435315941377,Sun Nov 04 18:04:45 +0000 2018,@adeverasoy @publico_es ¬øHach√≠s o Maria?
1059125041907093508,Sun Nov 04 16:47:42 +0000 2018,@panchocavero1 Felicidades por la buena acci√≥n y el apoyo a Hachis. Dios lo bendiga. Mi hija es su seguidora.
1059122890828931074,Sun Nov 04 16:39:09 +0000 2018,gran historia la de Hachis un final feliz esta colita se salvo gracias Dr.@panchocavero1  historias q conmueven el ‚ù§Ô∏è
1059122507666599936,Sun Nov 04 16:37:38 +0000 2018,Hachis regresando a casa a ver de nuevo a su mam√° lo es todo ‚ù§Ô∏èüòçüò¢@panchocavero1 #LosAnimalesMeImportan
1059122419019997185,Sun Nov 04 16:37:16 +0000 2018,@niki8610 @panchocavero1 @lamiperu1 Ya sab√≠a que Hachis iba a estar bien..porque t√∫ estabas all√≠!! Gracias Pancho Cavero!!!
1059122107987169281,Sun Nov 04 16:36:02 +0000 2018,Hachis esta como nuevo gracias Dr. @panchocavero1 por salvar otra colita #LosAnimalesMeImportan
1059121358829957120,Sun Nov 04 16:33:04 +0000 2018,#LosAnimalesMeImportan Hachis entra al quirofano todo saldra bien esta en las mejores manos @panchocavero1
1059120980004610049,Sun Nov 04 16:31:33 +0000 2018,Hachis sera salvado por nuestro querido Dr. @panchocavero1
1059120845124198400,Sun Nov 04 16:31:01 +0000 2018,Qu√© lindo Hachis mira con unos ojitos como diciendo gracias al Dr @panchocavero1 #LosAnimalesMeImportan
1059119804488081408,Sun Nov 04 16:26:53 +0000 2018,el peque√±o Hachis esta herido nuestro querido Dr. @panchocavero1 va en su ayuda #LosAnimalesMeImportan
1059117100982329344,Sun Nov 04 16:16:08 +0000 2018,@MauriceMartin01 Hachis parmentier.
1059113014379585536,Sun Nov 04 15:59:54 +0000 2018,En mi pa√≠s hay un programa de mascotas y presentan a un perro que se llama ‚Äúhachis‚Äù
1059108703910219776,Sun Nov 04 15:42:46 +0000 2018,@Bernat_Castro Igual eran de hach√≠s!
1059103257921011713,Sun Nov 04 15:21:08 +0000 2018,Ya ni el hach√≠s me tranquiliza
1059096460715847680,Sun Nov 04 14:54:07 +0000 2018,@MiriamMuroM Piedras de hach√≠s?
1059073634495541248,Sun Nov 04 13:23:25 +0000 2018,he so√±ao q me hac√≠a un platito con to el hachis picaito y q me hacia los porros como si ali√±ara una ensalada
1059071796811575296,Sun Nov 04 13:16:07 +0000 2018,@pablocast13 Que no te enteras. Eran piedras de hach√≠s. Y @Albert_Rivera est√° encantado. Porque la farlopa ya se la llev√°is vosotros
1059069541152710661,Sun Nov 04 13:07:09 +0000 2018,Que bien le ha venido a @Albert_Rivera que le tiren cuatro piedras al llegar a Alsasua. L√°stima no fueran piedras de hach√≠s eh albert?
1059066672886231041,Sun Nov 04 12:55:45 +0000 2018,@Kojikanuto @MiriamMuroM Deben ser chinas de hachis que lleva albertito dentro de la furgo
1059062208754319361,Sun Nov 04 12:38:01 +0000 2018,@LaPous_ No ser√≠an chinitas de hachis?
1059058629901459456,Sun Nov 04 12:23:48 +0000 2018,@Well086 Ahora es legal traficar con hachis??
1059048079385653248,Sun Nov 04 11:41:52 +0000 2018,Esos chatarreros incompetentes adictos al hach√≠s.
1059047752196349952,Sun Nov 04 11:40:34 +0000 2018,@JJPPbcn Todo el hachis por la patria!
1059038601995042817,Sun Nov 04 11:04:13 +0000 2018,@MiriamMuroM Son piedras de hachis que le gustan mas
1059036637940891648,Sun Nov 04 10:56:25 +0000 2018,tu piva me raya me largo de ahi me quito las pena y me llevo el hachis
1059035469315522566,Sun Nov 04 10:51:46 +0000 2018,"@Els_quatre_gats Creo que solo ser√≠a comparable con los kg de marihuana, hachis  y piojos üòâ"
1059033127241302016,Sun Nov 04 10:42:28 +0000 2018,@jaseoane1 @IvNeithan @Icebramovich Les viene muy bien para tener a la juventud desactivada. Antes era el hach√≠s y ahora esto.
1059019426417250304,Sun Nov 04 09:48:01 +0000 2018,Me saco un papelillo me preparo un cigarrillo y una china pal canuto de hach√≠s
1058876029601759232,Sun Nov 04 00:18:13 +0000 2018,unpopular opinion: el hachis de alberto es una mierda
1058864262632931328,Sat Nov 03 23:31:27 +0000 2018,fumando hachis en la oscuridad ‚ô™‚ô´
1058862364953587712,Sat Nov 03 23:23:55 +0000 2018,Saquen el hachis!! Legalicen la mota putos!!
1058840926460829696,Sat Nov 03 21:58:43 +0000 2018,Te invitar√≠a mi inspiraci√≥n pero en la calle hace fr√≠o No por vos sino por hach√≠s que sonr√≠o
1058837387407712258,Sat Nov 03 21:44:40 +0000 2018,"@cai_nyabel Si alguien ha elegido alguna opci√≥n que no sea hach√≠s, es porque ya se lo ha fumado."
1058832927503585282,Sat Nov 03 21:26:56 +0000 2018,Dinamarca. En la frontera hacen controles y buscan droga. En su capital permiten que haya un mercadillo de marihuana y hach√≠s. Todo OK
1058804185607606272,Sat Nov 03 19:32:44 +0000 2018,"No es por vos, si no por hachis que sonr√≠o"
1058790169531334657,Sat Nov 03 18:37:02 +0000 2018,por detras puro gang mas hach√≠s
1058779049294741505,Sat Nov 03 17:52:51 +0000 2018,#BTS #MTVEMABiggestFansBTS @BTS_twt hach√≠s
1058750621459853313,Sat Nov 03 15:59:53 +0000 2018,"@indiovasco Muy poco muy poco , eso le piden a unos clientes por mover unos kilos de hachis."
1058750621459853313,Sat Nov 03 15:59:53 +0000 2018,"@indiovasco Muy poco muy poco , eso le piden a unos clientes por mover unos kilos de hachis."
1058731412424216582,Sat Nov 03 14:43:33 +0000 2018,Hach√≠s. Achinado mami:/
1058703159084941312,Sat Nov 03 12:51:17 +0000 2018,no por vos si no por hachis es que sonrio
1058672611901747200,Sat Nov 03 10:49:54 +0000 2018,Pinto ese ma√±anero de hachis ?? Jajajaja
1058672601218736128,Sat Nov 03 10:49:51 +0000 2018,carmen de mairena golpear la cabeza una cuchara con hachis iniesta el del barsa ahahahahah
1058645380781481984,Sat Nov 03 09:01:42 +0000 2018,@jabondepato Y el hach√≠s lleva hacerte de palma???? üòì
1058603096912416768,Sat Nov 03 06:13:40 +0000 2018,@Xuxipc @patricialopezl Tambi√©n hay un GC que no sabia que no pod√≠a llevar una tonelada de hachis en el coche üò±
1058573219299577857,Sat Nov 03 04:14:57 +0000 2018,Quemando mi hachis
1058508233558638594,Fri Nov 02 23:56:43 +0000 2018,Hachis de mierda
1058496414366515200,Fri Nov 02 23:09:45 +0000 2018,el hach√≠s tiene la textura que hab√≠a imaginado&lt;3
1058481335210250241,Fri Nov 02 22:09:50 +0000 2018,@JGONZALEZrmcf Ajjajajjajajajja el transporte del hachis
1058481047833378818,Fri Nov 02 22:08:42 +0000 2018,hach√≠s ese...
1058479467864178691,Fri Nov 02 22:02:25 +0000 2018,reunido en torno a un cigarrillo de hach√≠s.
1058474526458155009,Fri Nov 02 21:42:47 +0000 2018,@justiciagob @LolaDelgadoG ¬øA cuanto le ha dejado la bolita de hachis?
1058472867350921216,Fri Nov 02 21:36:11 +0000 2018,@Tarantinto78 Pues yo tiro para todos menos para √©l hachis
1058454338878750720,Fri Nov 02 20:22:34 +0000 2018,@natalanatilla Deja el hach√≠s.
1058450896525373440,Fri Nov 02 20:08:53 +0000 2018,@flormizrachi El bate es de hach√≠s? Si es as√≠ compito.
1058439093321904130,Fri Nov 02 19:21:59 +0000 2018,"Mi reino por un vis a vis con sexo, tabaco, hach√≠s y tus bragas de encaje en el suelo"
1058420920497397761,Fri Nov 02 18:09:46 +0000 2018,@Ladyklepht @jeanpierregall9 Un hachis parmentier
1058408432183730177,Fri Nov 02 17:20:09 +0000 2018,"NO TE HAGAS LA LOCA, SABEMOS QUE VAS CON EL POR QUE TIENE HIERBA HACHIS Y COCA."
1058394420243062784,Fri Nov 02 16:24:28 +0000 2018,@luismerga76 Jajajajaja lo del hachis es un moj√≥n comparado con esto
1058394354929278976,Fri Nov 02 16:24:12 +0000 2018,"Te fume hasta quemarme el labio, eres mas adictiva que el mejor hachis."
1058392422416347136,Fri Nov 02 16:16:32 +0000 2018,Estoy jugando a la consola mientras fumo hachis
1058385739191345152,Fri Nov 02 15:49:58 +0000 2018,"Si no me han ofrecido mar√≠a, hach√≠s o coca 20 veces no me han ofrecido ninguna."
1058369033861582854,Fri Nov 02 14:43:35 +0000 2018,"Puro cash, m√°s hach√≠s"
1058312107278716929,Fri Nov 02 10:57:23 +0000 2018,@josepramonbosch El hach√≠s flotaba en el ambiente.
1058226988773601280,Fri Nov 02 05:19:09 +0000 2018,"fumando hach√≠s y jugando al lol con An√≠bal pachano, q kalida"
1058207664696672257,Fri Nov 02 04:02:22 +0000 2018,No habia faso y me vendieron hachis... ya estoy de la tanga
